Category Name,Products,Orders,Units,Sales,Profit,Discount,Avg_Discount_Rate,Profit_Margin
Accessories,6,1780,5349,133671.51,16643.52,13959.32,0.1038314606741573,0.12451060065080434
As Seen on  TV!,1,68,206,20597.94,714.4300000000001,2078.37,0.10941176470588236,0.03468453641480653
Baby,1,207,207,12229.56,1525.03,1272.16,0.10429951690821256,0.12470031628284256
Baseball & Softball,3,632,1785,94057.15,12762.13,9689.99,0.10294303797468354,0.13568484692551283
Basketball,3,67,67,27099.33,1845.6699999999998,2394.0,0.098955223880597,0.06810758789977463
Books,1,405,405,12587.4,883.01,1283.98,0.1022962962962963,0.07015030903919793
Boxing & MMA,3,423,1265,85205.41,8641.37,8918.789999999999,0.10366430260047281,0.10141809070574274
CDs,1,271,271,3059.5899999999997,383.85,309.56,0.1014760147601476,0.12545798620076548
Cameras,1,592,592,267607.68,30289.8,27111.0,0.10158783783783784,0.11318733453389679
Camping & Hiking,1,13729,13729,4118425.4200000004,427455.57,417649.5,0.10168111297253989,0.1037910187529874
Cardio Equipment,2,12487,37587,3694843.2,383011.1,374595.19,0.10165051653719868,0.10366098891557833
Children's Clothing,1,652,652,232829.2,27178.1,23561.91,0.1014723926380368,0.11672977444409892
Cleats,2,24551,73734,4431942.66,494636.92,449091.67,0.1015942324141583,0.11160724719304016
Computers,1,442,442,663000.0,69656.81,67605.0,0.10223981900452488,0.10506306184012067
Consumer Electronics,1,431,431,108991.28,13223.4,11053.72,0.10169373549883991,0.12132530235446358
Crafts,1,484,484,223356.32,25531.17,22651.45,0.10169421487603306,0.11430690656078143
DVDs,1,483,483,79395.54,6655.43,8076.43,0.10198757763975155,0.08382624515180577
Electronics,11,3156,9436,371034.64,40891.38,37708.03,0.10183776932826362,0.11020906295972796
Fishing,1,17325,17325,6929653.5,756220.76,702728.0,0.10168138528138529,0.10912822120182489
Fitness Accessories,2,309,856,35601.44,5258.39,3850.16,0.10258899676375405,0.14770160982252403
Garden,1,484,484,257768.72000000003,33443.01,26003.52,0.10115702479338844,0.12974037346346756
Girls' Apparel,4,1201,3615,151706.2,17288.57,15499.56,0.10194004995836803,0.11396086646425788
Golf Apparel,3,441,1025,34969.75,3496.31,3522.37,0.09997732426303856,0.09998098356436634
Golf Bags & Carts,1,61,61,10369.390000000001,1810.07,965.6,0.09344262295081968,0.1745589663422824
Golf Balls,5,1475,4384,77098.16,8342.67,7757.24,0.10100338983050847,0.10820841898172408
Golf Gloves,7,1070,2961,116695.39,12975.49,11908.19,0.10226168224299066,0.11119111046288975
Golf Shoes,4,524,1444,107998.0,12406.07,11491.62,0.10561068702290077,0.11487314579899628
Health and Beauty,1,362,362,106080.48000000001,9493.63,10722.37,0.10135359116022098,0.08949459881780322
Hockey,3,614,1711,48360.73,5397.43,4742.46,0.10055374592833877,0.11160770319223882
Hunting & Shooting,3,440,1239,56848.42,5980.0,5969.61,0.10470454545454545,0.10519201764974295
Indoor/Outdoor Games,1,19298,57803,2888993.94,318451.43,292550.63,0.1014929008187377,0.11022917895078728
Kids' Golf Clubs,8,384,645,98797.58,9045.84,9324.03,0.09674479166666666,0.09155932766774247
Lacrosse,2,343,1021,39464.79,4364.29,4048.94,0.1022740524781341,0.11058693078057681
Men's Clothing,1,208,208,43856.799999999996,2006.04,4491.21,0.1026923076923077,0.04574068331478813
Men's Footwear,1,22246,22246,2891757.54,311902.82,293263.1,0.10168344870988044,0.10785925710770343
Men's Golf Clubs,4,283,420,47035.8,5517.99,4653.0199999999995,0.09911660777385159,0.11731468370900462
Music,1,434,434,113122.09999999999,14436.32,11435.050000000001,0.1013594470046083,0.12761714996450738
Pet Supplies,1,492,492,41524.8,3589.2599999999998,4206.5,0.10158536585365854,0.08643653912842444
Shop By Sport,3,10984,32726,1309522.02,129813.96,132338.73,0.1013619810633649,0.09913079583037482
Soccer,2,138,295,26477.05,3901.95,2567.12,0.09608695652173913,0.1473710250953184
Sporting Goods,1,357,357,117006.75,12518.61,11943.73,0.10235294117647059,0.1069904941381587
Strength Training,3,111,111,54895.53,332.31000000000114,6081.72,0.10504504504504504,0.006053498344947232
Tennis & Racquet,1,328,991,44585.09,5747.9800000000005,4507.39,0.1022560975609756,0.1289215744545991
Toys,1,529,529,6104.66,900.71,619.27,0.10168241965973535,0.14754466260201224
Trade-In,4,974,2822,68721.78,7915.37,7054.46,0.10243326488706365,0.11517993276658434
Video Games,1,838,838,33310.5,2717.52,3392.69,0.10208830548926014,0.08158148331607151
Water Sports,2,15540,15540,3113844.6,325146.96,315800.5,0.1016833976833977,0.1044197774031498
Women's Apparel,1,21035,62956,3147800.0,350421.03,319091.5,0.10166912289042074,0.11132252049050131
Women's Clothing,1,650,650,140283.0,19102.85,14276.44,0.10204615384615384,0.1361736632378834
Women's Golf Clubs,3,181,403,44545.97,5028.64,4561.6,0.1016574585635359,0.1128865304762698
