Product Name,Category,Department,Orders,Units,Sales,Profit,Discount,Avg_Discount_Rate,Avg_Product_Price,Profit_Margin
Adult dog supplies,Pet Supplies,Pet Shop,492,492,41524.8,3589.2599999999998,4206.5,0.10158536585365854,84.4,0.08643653912842444
Baby sweater,Baby,Apparel,207,207,12229.56,1525.03,1272.16,0.10429951690821256,59.08,0.12470031628284256
Bag Boy Beverage Holder,Golf Gloves,Outdoors,279,845,21116.55,3173.78,2106.64,0.09978494623655913,24.99,0.15029822579919544
Bag Boy M330 Push Cart,Golf Gloves,Outdoors,69,208,16637.92,2969.11,1656.26,0.10362318840579711,79.99,0.17845439814592212
Bowflex SelectTech 1090 Dumbbells,Fitness Accessories,Footwear,10,10,5999.9,1190.78,828.0,0.138,599.99,0.19846664111068518
Bridgestone e6 Straight Distance NFL Carolina,Electronics,Outdoors,308,928,29686.719999999998,3188.77,3123.41,0.10467532467532469,31.990000000000002,0.10741402216209808
Bridgestone e6 Straight Distance NFL San Dieg,Electronics,Outdoors,310,906,28982.94,2019.83,3183.11,0.10864516129032258,31.99,0.06969030747053266
Bridgestone e6 Straight Distance NFL Tennesse,Electronics,Outdoors,257,805,25751.949999999997,2361.75,2577.3,0.09957198443579766,31.990000000000002,0.09171150145911282
Brooks Women's Ghost 6 Running Shoe,Boxing & MMA,Footwear,66,212,19077.88,2606.85,2108.98,0.1146969696969697,89.99,0.13664254099512105
Bushnell Pro X7 Jolt Slope Rangefinder,Kids' Golf Clubs,Outdoors,11,11,6599.89,-255.94999999999996,537.0,0.08181818181818182,599.99,-0.03878094937945935
CDs of rock,CDs,Discs Shop,271,271,3059.5899999999997,383.85,309.56,0.1014760147601476,11.29,0.12545798620076548
Children's heaters,Children's Clothing,Apparel,652,652,232829.2,27178.1,23561.91,0.1014723926380368,357.1,0.11672977444409892
Cleveland Golf Collegiate My Custom Wedge 588,Women's Golf Clubs,Outdoors,65,65,13649.35,955.1,1458.45,0.10707692307692307,209.99,0.0699740280672706
Cleveland Golf Women's 588 RTX CB Satin Chrom,Golf Apparel,Outdoors,70,70,8399.3,370.61,861.0,0.10271428571428572,119.99,0.044123915088162116
Clicgear 8.0 Shoe Brush,Golf Gloves,Outdoors,285,888,8871.12,815.54,909.69,0.10228070175438597,9.99,0.09193202211220228
Clicgear Rovic Cooler Bag,Golf Gloves,Outdoors,284,867,34671.33,2962.96,3638.95,0.1047887323943662,39.99,0.08545850418775397
Columbia Men's PFG Anchor Tough T-Shirt,Shop By Sport,Golf,304,928,27840.0,2454.7999999999997,2711.7,0.09901315789473684,30.0,0.08817528735632182
DVDs,DVDs,Discs Shop,483,483,79395.54,6655.43,8076.43,0.10198757763975155,164.38,0.08382624515180577
Dell Laptop,Computers,Technology,442,442,663000.0,69656.81,67605.0,0.10223981900452488,1500.0,0.10506306184012067
Diamondback Boys' Insight 24 Performance Hybr,Basketball,Fitness,29,29,8699.710000000001,1730.81,1033.5,0.11896551724137931,299.99,0.19895030983791412
Diamondback Girls' Clarity 24 Hybrid Bike 201,Basketball,Fitness,28,28,8399.720000000001,284.41999999999996,775.5,0.0925,299.99000000000007,0.033860652497940395
Diamondback Women's Serene Classic Comfort Bi,Camping & Hiking,Fan Shop,13729,13729,4118425.4200000004,427455.57,417649.5,0.10168111297253989,299.98,0.1037910187529874
ENO Atlas Hammock Straps,Hunting & Shooting,Fan Shop,323,998,29930.019999999997,2139.58,3054.32,0.10253869969040247,29.989999999999995,0.07148608654454625
Elevation Training Mask 2.0,Soccer,Fitness,74,231,18477.69,3299.57,1824.64,0.09864864864864864,79.99,0.17857048148334562
Field & Stream Sportsman 16 Gun Fire Safe,Fishing,Fan Shop,17325,17325,6929653.5,756220.76,702728.0,0.10168138528138529,399.98,0.10912822120182489
Fighting video games,Video Games,Discs Shop,838,838,33310.5,2717.52,3392.69,0.10208830548926014,39.75,0.08158148331607151
First aid kit,Health and Beauty,Health and Beauty,362,362,106080.48000000001,9493.63,10722.37,0.10135359116022098,293.04,0.08949459881780322
Fitbit The One Wireless Activity & Sleep Trac,Kids' Golf Clubs,Outdoors,62,187,18690.65,2088.02,1931.56,0.11080645161290323,99.95,0.11171468086984668
Garmin Approach S3 Golf GPS Watch,Trade-In,Outdoors,77,77,19249.23,2432.33,2010.0,0.10467532467532469,249.98999999999998,0.12635985958918877
Garmin Approach S4 Golf GPS Watch,Kids' Golf Clubs,Outdoors,36,36,10799.64,1208.9,988.5,0.09194444444444444,299.99,0.11193891648240129
Garmin Forerunner 910XT GPS Watch,Kids' Golf Clubs,Outdoors,35,35,13999.65,391.13,1406.0,0.10085714285714287,399.99,0.027938555606747312
Glove It Imperial Golf Towel,Trade-In,Outdoors,302,930,14870.7,1662.02,1467.34,0.09837748344370861,15.990000000000002,0.11176474543901765
Glove It Urban Brick Golf Towel,Trade-In,Outdoors,300,885,14151.15,1563.2,1468.03,0.10466666666666667,15.99,0.1104645205513333
Glove It Women's Imperial Golf Glove,Golf Balls,Outdoors,307,941,18810.59,2122.95,1892.25,0.09980456026058632,19.99,0.11285929893746022
Glove It Women's Mod Oval 3-Zip Carry All Gol,Trade-In,Outdoors,295,930,20450.7,2257.82,2109.09,0.10372881355932204,21.99,0.110403066887686
Glove It Women's Mod Oval Golf Glove,Golf Balls,Outdoors,277,802,16031.98,2406.57,1681.46,0.10660649819494586,19.99,0.15011059145532868
GoPro HERO3+ Black Edition Camera,Strength Training,Footwear,32,32,12799.68,245.63000000000002,1198.0,0.09375,399.99,0.019190323508087703
GolfBuddy VT3 GPS Watch,Kids' Golf Clubs,Outdoors,59,59,11799.41,569.0200000000001,1162.0,0.0988135593220339,199.99,0.04822444512056112
Hirzl Men's Hybrid Golf Glove,Golf Balls,Outdoors,282,864,12951.36,1175.66,1328.95,0.10287234042553192,14.99,0.09077502285474268
Hirzl Women's Hybrid Golf Glove,Golf Balls,Outdoors,311,888,13311.12,1193.24,1296.44,0.0982636655948553,14.99,0.08964234414534614
Hirzl Women's Soffft Flex Golf Glove,Golf Balls,Outdoors,298,889,15993.109999999999,1444.25,1558.14,0.09812080536912753,17.99,0.09030451238064392
Industrial consumer electronics,Consumer Electronics,Technology,431,431,108991.28,13223.4,11053.72,0.10169373549883991,252.88,0.12132530235446358
LIJA Women's Argyle Golf Polo,Golf Shoes,Outdoors,66,195,15600.0,1512.43,1749.2,0.11333333333333334,80.0,0.09695064102564104
LIJA Women's Button Golf Dress,Golf Shoes,Outdoors,76,76,8208.0,1156.6,842.4,0.10289473684210526,108.0,0.140911306042885
LIJA Women's Eyelet Sleeveless Golf Polo,Golf Shoes,Outdoors,309,946,61490.0,6752.33,6332.02,0.10207119741100323,65.0,0.10981183932346723
LIJA Women's Mid-Length Panel Golf Shorts,Golf Shoes,Outdoors,73,227,22700.0,2984.71,2568.0,0.11643835616438356,100.0,0.13148502202643172
Lawn mower,Garden,Outdoors,484,484,257768.72000000003,33443.01,26003.52,0.10115702479338844,532.58,0.12974037346346756
MDGolf Pittsburgh Penguins Putter,Women's Golf Clubs,Outdoors,53,145,11598.55,1533.14,1210.29,0.09924528301886792,79.98999999999998,0.1321837643498541
Men's gala suit,Men's Clothing,Apparel,208,208,43856.799999999996,2006.04,4491.21,0.1026923076923077,210.84999999999997,0.04574068331478813
Merrell Men's All Out Flash Trail Running Sho,Men's Golf Clubs,Outdoors,85,85,9349.15,1431.78,992.75,0.10647058823529412,109.99,0.15314547311787702
Merrell Women's Grassbow Sport Hiking Shoe,Men's Golf Clubs,Outdoors,70,207,20697.93,1818.65,2033.34,0.096,99.99,0.08786627455016033
Merrell Women's Grassbow Sport Waterproof Hik,Men's Golf Clubs,Outdoors,58,58,7539.42,1029.71,679.25,0.0903448275862069,129.99,0.13657681890649415
Merrell Women's Siren Mid Waterproof Hiking B,Men's Golf Clubs,Outdoors,70,70,9449.300000000001,1237.85,947.6800000000001,0.10057142857142858,134.99,0.13099912162805707
Mio ALPHA Heart Rate Monitor/Sport Watch,Kids' Golf Clubs,Outdoors,67,67,13333.0,1241.67,1307.45,0.09835820895522387,199.0,0.09312757818945475
Nike Dri-FIT Crew Sock 6 Pack,Hockey,Fitness,308,883,19426.0,2145.49,2006.84,0.10318181818181818,22.0,0.11044424997426129
Nike Kids' Grade School KD VI Basketball Shoe,Lacrosse,Fitness,63,186,18598.14,1976.8799999999999,1896.36,0.09571428571428572,99.99,0.10629450041778371
Nike Men's CJ Elite 2 TD Football Cleat,Men's Footwear,Apparel,22246,22246,2891757.54,311902.82,293263.1,0.10168344870988044,129.99,0.10785925710770343
Nike Men's Comfort 2 Slide,Tennis & Racquet,Fitness,328,991,44585.09,5747.9800000000005,4507.39,0.1022560975609756,44.99,0.1289215744545991
Nike Men's Deutschland Weltmeister Winners Bl,Girls' Apparel,Golf,298,907,27210.0,2666.47,2757.75,0.10016778523489933,30.0,0.09799595736861447
Nike Men's Dri-FIT Victory Golf Polo,Women's Apparel,Golf,21035,62956,3147800.0,350421.03,319091.5,0.10166912289042074,50.0,0.11132252049050131
Nike Men's Fingertrap Max Training Shoe,Soccer,Fitness,64,64,7999.36,602.3799999999999,742.48,0.093125,124.99,0.07530352428194255
Nike Men's Free 5.0+ Running Shoe,Cardio Equipment,Footwear,12169,36680,3667633.2,379915.82,371942.58999999997,0.10169529131399457,99.98999999999998,0.10358610015854366
Nike Men's Free TR 5.0 TB Training Shoe,As Seen on  TV!,Footwear,68,206,20597.94,714.4300000000001,2078.37,0.10941176470588236,99.99,0.03468453641480653
Nike Men's Kobe IX Elite Low Basketball Shoe,Shop By Sport,Golf,63,63,12599.37,1080.65,1313.0,0.10444444444444445,199.99,0.08577016152394921
Nike Women's Free 5.0 TR FIT PRT 4 Training S,Boxing & MMA,Footwear,70,206,19567.94,1564.7500000000002,2183.38,0.10685714285714286,94.99,0.07996498353940171
Nike Women's Legend V-Neck T-Shirt,Hockey,Fitness,279,801,20025.0,2772.66,1979.92,0.09913978494623656,25.0,0.13845992509363295
Nike Women's Tempo Shorts,Cardio Equipment,Footwear,318,907,27210.0,3095.28,2652.6,0.099937106918239,30.0,0.11375523704520397
O'Brien Men's Neoprene Life Vest,Indoor/Outdoor Games,Fan Shop,19298,57803,2888993.94,318451.43,292550.63,0.1014929008187377,49.98,0.11022917895078728
Ogio Race Golf Shoes,Golf Bags & Carts,Outdoors,61,61,10369.390000000001,1810.07,965.6,0.09344262295081968,169.99,0.1745589663422824
Pelican Maverick 100X Kayak,Water Sports,Fan Shop,40,40,13999.6,1070.5900000000001,1473.5,0.1055,349.99,0.07647289922569217
Pelican Sunstream 100 Kayak,Water Sports,Fan Shop,15500,15500,3099845.0,324076.37,314327.0,0.10167354838709677,199.99,0.10454599181571982
Perfect Fitness Perfect Rip Deck,Cleats,Apparel,24515,73698,4421143.02,493828.3,447968.17,0.10159004691005506,59.99,0.11169697468868584
Polar FT4 Heart Rate Monitor,Kids' Golf Clubs,Outdoors,60,196,17638.04,3476.85,1389.51,0.07716666666666666,89.99,0.19712224260745523
Polar Loop Activity Tracker,Kids' Golf Clubs,Outdoors,54,54,5937.3,326.2,602.01,0.10166666666666667,109.95,0.05494079800582756
Porcelain crafts,Crafts,Apparel,484,484,223356.32,25531.17,22651.45,0.10169421487603306,461.48,0.11430690656078143
Rock music,Music,Discs Shop,434,434,113122.09999999999,14436.32,11435.050000000001,0.1013594470046083,260.65,0.12761714996450738
SOLE E25 Elliptical,Basketball,Fitness,10,10,9999.9,-169.56000000000006,585.0,0.059,999.99,-0.016956169561695624
SOLE E35 Elliptical,Strength Training,Footwear,15,15,29999.85,-965.1199999999999,3590.0,0.12000000000000001,1999.99,-0.03217082752080427
Smart watch,Sporting Goods,Fitness,357,357,117006.75,12518.61,11943.73,0.10235294117647059,327.75,0.1069904941381587
Sports Books,Books,Book Shop,405,405,12587.4,883.01,1283.98,0.1022962962962963,31.08,0.07015030903919793
Stiga Master Series ST3100 Competition Indoor,Hockey,Fitness,27,27,8909.73,479.28,755.7,0.08518518518518518,329.99,0.05379287587839362
Summer dresses,Women's Clothing,Apparel,650,650,140283.0,19102.85,14276.44,0.10204615384615384,215.82,0.1361736632378834
TYR Boys' Team Digi Jammer,Girls' Apparel,Golf,300,880,35191.2,3658.98,3754.54,0.10673333333333335,39.99,0.10397428902680217
TaylorMade 2014 Purelite Stand Bag,Golf Gloves,Outdoors,65,65,11699.35,730.1800000000001,1166.4,0.1,179.99,0.06241201434267716
TaylorMade White Smoke IN-12 Putter,Women's Golf Clubs,Outdoors,63,193,19298.07,2540.4,1892.86,0.0980952380952381,99.99,0.13164010701588294
TaylorMade Women's RBZ SL Rescue,Golf Apparel,Outdoors,68,68,8839.32,1295.3,910.0,0.10323529411764705,129.99,0.14653842150753676
Team Golf New England Patriots Putter Grip,Accessories,Outdoors,281,823,20566.77,2548.58,2165.16,0.10494661921708186,24.99,0.12391736767611053
Team Golf Pittsburgh Steelers Putter Grip,Accessories,Outdoors,295,887,22166.13,3039.53,2403.14,0.1083728813559322,24.99,0.13712497400313
Team Golf San Francisco Giants Putter Grip,Accessories,Outdoors,292,871,21766.29,2785.93,2214.75,0.10068493150684932,24.99,0.12799287338356696
Team Golf St. Louis Cardinals Putter Grip,Accessories,Outdoors,313,958,23940.42,2815.12,2326.29,0.09638977635782749,24.99,0.11758858031730438
Team Golf Tennessee Volunteers Putter Grip,Accessories,Outdoors,300,915,22865.85,2375.05,2425.04,0.10756666666666667,24.99,0.10386886995235255
Team Golf Texas Longhorns Putter Grip,Accessories,Outdoors,299,895,22366.05,3079.31,2424.94,0.10541806020066889,24.99,0.13767786444186614
The North Face Women's Recon Backpack,Hunting & Shooting,Fan Shop,57,181,17919.0,2803.8,1927.54,0.11140350877192984,99.0,0.156470785200067
Titleist Club Glove Travel Cover,Golf Gloves,Outdoors,34,34,10199.66,1312.27,1081.5,0.10617647058823529,299.99,0.1286582101756333
Titleist Pro V1 High Numbers Personalized Gol,Electronics,Outdoors,292,851,44243.49,6093.15,4673.63,0.10469178082191781,51.99,0.1377185660534465
Titleist Pro V1x Golf Balls,Electronics,Outdoors,291,863,41415.37,3699.61,4085.43,0.09821305841924399,47.99,0.08932939630866511
Titleist Pro V1x High Numbers Golf Balls,Electronics,Outdoors,265,800,38392.0,4592.28,3958.25,0.10513207547169812,47.99,0.11961554490518858
Titleist Pro V1x High Numbers Personalized Go,Electronics,Outdoors,306,908,47206.92,6671.09,4598.03,0.09872549019607843,51.99,0.14131593418930954
Titleist Small Wheeled Travel Cover,Golf Gloves,Outdoors,54,54,13499.460000000001,1011.6500000000001,1348.75,0.10018518518518518,249.99,0.07494003463842258
Top Flite Women's 2014 XL Hybrid,Golf Apparel,Outdoors,303,887,17731.13,1830.3999999999999,1751.37,0.0986138613861386,19.99,0.10323087135450475
Total Gym 1400,Cleats,Apparel,36,36,10799.64,808.62,1123.5,0.10444444444444445,299.99,0.0748747180461571
Toys,Toys,Fan Shop,529,529,6104.66,900.71,619.27,0.10168241965973535,11.54,0.14754466260201224
Under Armour Girls' Toddler Spine Surge Runni,Shop By Sport,Golf,10617,31735,1269082.65,126278.51,128314.03,0.10141094471131205,39.99,0.0995037714840716
Under Armour Hustle Storm Medium Duffle Bag,Fitness Accessories,Footwear,299,846,29601.54,4067.61,3022.16,0.1014046822742475,34.99,0.13741210761332012
Under Armour Kids' Mercenary Slide,Electronics,Footwear,251,795,22252.05,2431.97,2207.78,0.09924302788844622,27.99,0.10929195287625185
Under Armour Men's Compression EV SL Slide,Electronics,Footwear,280,813,36576.87,3745.34,3831.73,0.10271428571428572,44.99,0.10239640515987289
Under Armour Men's Tech II T-Shirt,Lacrosse,Fitness,280,835,20866.649999999998,2387.41,2152.58,0.10375000000000001,24.99,0.11441271119226135
Under Armour Women's Ignite PIP VI Slide,Electronics,Footwear,285,848,27127.52,2057.21,2499.73,0.09543859649122807,31.99,0.07583479802060786
Under Armour Women's Ignite Slide,Electronics,Footwear,311,919,29398.809999999998,4030.38,2969.63,0.10225080385852091,31.99,0.13709330411673126
Under Armour Women's Micro G Skulpt Running S,Boxing & MMA,Footwear,287,847,46559.590000000004,4469.77,4626.43,0.10034843205574913,54.97,0.09600106014679254
Web Camera,Cameras,Technology,592,592,267607.68,30289.8,27111.0,0.10158783783783784,452.03999999999996,0.11318733453389679
Yakima DoubleDown Ace Hitch Mount 4-Bike Rack,Strength Training,Footwear,64,64,12096.0,1051.8,1293.72,0.1071875,189.0,0.08695436507936508
adidas Brazuca 2014 Official Match Ball,Baseball & Softball,Fitness,65,65,10399.35,1642.73,1012.8,0.09769230769230769,159.99,0.157964680484838
adidas Kids' F5 Messi FG Soccer Cleat,Baseball & Softball,Fitness,262,781,27327.19,2906.33,2700.72,0.09900763358778626,34.99,0.10635304983790869
adidas Men's F10 Messi TRX FG Soccer Cleat,Baseball & Softball,Fitness,305,939,56330.61,8213.07,5976.47,0.10744262295081969,59.99,0.14580119050725707
adidas Men's Germany Black Crest Away Tee,Girls' Apparel,Golf,289,859,21475.0,2833.7200000000003,2195.17,0.10141868512110727,25.0,0.13195436554132714
adidas Youth Germany Black/Red Away Match Soc,Girls' Apparel,Golf,314,969,67830.0,8129.400000000001,6792.1,0.09952229299363058,70.0,0.11984962406015039
insta-bed Neverflat Air Mattress,Hunting & Shooting,Fan Shop,60,60,8999.400000000001,1036.62,987.75,0.11,149.99000000000004,0.11518767917861188
