Order Region,Orders,Units,Sales,Profit,Discount,Avg_Discount_Rate,Profit_Margin,Sales_Share
Canada,959,2183,186861.04,23900.71,18603.82,0.10162669447340981,0.1279063308220911,0.005079852920106629
Caribbean,8318,18204,1651019.3,171825.63999999998,169352.55,0.10246333253185862,0.10407245996458066,0.04488327375389435
Central Africa,1677,3700,327263.01,33447.27,34350.95,0.10466308884913536,0.10220302624485424,0.008896707184073175
Central America,28341,62091,5665711.99,616341.57,571869.41,0.10130517624642744,0.10878448659018404,0.15402345827083397
Central Asia,553,1214,109839.93000000001,13045.28,11886.36,0.1057866184448463,0.11876628107829275,0.0029860193925646977
East Africa,1852,4048,376234.89,43167.73,38181.02,0.10172246220302376,0.11473611604707899,0.010228017058090313
East of USA,6915,15108,1371111.96,156263.3,139158.45,0.10152422270426609,0.11396830059012832,0.0372739394675269
Eastern Asia,7280,14359,1486401.31,147368.01,152090.21,0.1020315934065934,0.09914416046901897,0.04040810237946775
Eastern Europe,3920,8806,774266.55,79717.05,77960.36,0.10070408163265306,0.10295814794013766,0.02104858345516211
North Africa,3232,7155,634752.21,64599.86,62510.96,0.09980507425742574,0.10177177642280286,0.01725585958160479
Northern Europe,9792,20402,2155830.61,233450.6,216470.73,0.10201184640522876,0.10828800691349309,0.058606665249555254
Oceania,10148,20430,2016654.1600000001,201478.02,206660.62,0.10238175009854159,0.09990707578735264,0.0548231269799268
South America,14935,32647,2960881.35,335154.4,300641.19,0.10159424171409441,0.11319413390205589,0.08049212276613016
South Asia,7731,15624,1553680.8900000001,165703.9,156318.69,0.10058207217694995,0.10665246709702401,0.04223711056076947
South of  USA,4045,8804,785783.93,88114.88,78880.52,0.10103584672435105,0.11213627135388222,0.021361685621483016
Southeast Asia,9539,18835,1932495.53,211342.82,193945.36,0.10152426879127792,0.10936264364865052,0.05253525861337124
Southern Africa,1157,2507,228251.59,30826.05,23949.39,0.10343128781331029,0.13505294749534932,0.006205062895831474
Southern Europe,9431,19526,2047918.78,230829.23,210395.35,0.10264128936486057,0.11271405499782565,0.05567306162228469
US Center,5887,12974,1151355.75,131094.23,117227.71,0.1024936300322745,0.1138607506845734,0.031299825093122985
West Africa,3696,8193,727951.18,80030.27,73784.05,0.10146374458874459,0.10993906212227034,0.01978949131085895
West Asia,6009,13218,1174671.76,118815.41,118592.06999999999,0.10226992844067231,0.10114775382018208,0.031933675260518685
West of USA,7993,17547,1571415.93,164940.66,159164.32,0.10110721881646441,0.1049630825621069,0.04271924099701346
Western Europe,27109,56504,5894380.66,625446.08,598384.31,0.10140396178390941,0.10610887149592405,0.1602398595658091
